Ulrik;Bjørn;Gunnarsen;6f38cf10-6f19-4452-b78a-0e56c7167a04;1980-01-01;2000-01-01;true;"Jørgen Rasmussen";
Anna;Marie;Nielsen;858debeb-4513-40c9-879e-96feed162309;1990-02-02;2010-01-01;true;"Jørgen Rasmussen";
Lars;;Østergaard;79903d8e-e733-4deb-b52c-aa79627f8ecb;2010-03-03;2020-01-01;false;"";
Søren;;Larsson;5fe13b91-ecf7-4b8f-bc57-d7f12917e665;2010-08-15;2021-12-02;true;"Kim Hansen";
Johnny;Donny;Johannsen;78903d8e-e733-4deb-b52c-aa79627f8ecb;1981-04-10;2020-01-01;true;"Jørgen Rasmussen";
Daniel;Danny;Bergman;a7e5decc-6414-4aa0-b7ce-c6755654f603;1978-03-20;2020-01-01;true;"Jørgen Rasmussen";
Morty;Bob;Heisenberg;edf0dc42-6285-44c0-a3f0-e57eab5fd5a9;2003-03-10;2020-01-01;true;"Kim Hansen";
Anders;Anders;Andersen;b8c481c8-666d-4d77-a621-018f77744ecd;2003-03-10;2020-01-01;true;"Kim Hansen";
Dorte;Eva;Johannsen;c6d531f2-1db1-4676-b2e9-709a2fd74734;1993-03-10;2020-01-01;true;"Jørgen Rasmussen";
Trine;;Johannsen;fa9d6e72-522f-47d7-859c-5a0e006f3b4e;2003-03-10;2020-01-01;false;"";
Celine;Ingrid;Nelson;0b6f3d82-b68d-4a81-af0c-ce312554e43b;2003-03-10;2020-01-01;false;"";
Annie;;Nielsen;505fec7f-2de0-441a-92c2-c44043dcc2bf;2003-03-10;2020-01-01;true;"Kim Hansen";
Hector;Ronald;Jameson;28036570-2540-425f-a53d-f64506dd7674;1968-03-10;2020-01-01;true;"Jørgen Rasmussen";
